,IBM,rolling_mean,upper_band,lower_band,BB,MOM,SMA
2007-12-31,99.27,,,,,,
2008-01-02,96.14,,,,,,
2008-01-03,96.34,,,,,,
2008-01-04,92.87,,,,,,
2008-01-07,91.88,,,,,,-0.0358866736621
2008-01-08,89.62,,,,,-0.0972096303012,-0.0401627931884
2008-01-09,90.28,,,,,-0.0609527771999,-0.0208030542962
2008-01-10,91.76,,,,,-0.0475399626323,0.0052365197958
2008-01-11,89.7,,,,,-0.034133735329,-0.0104580354779
2008-01-14,94.53,,,,,0.0288419677841,0.0367632542938
2008-01-15,93.52,,,,,0.0435170720821,0.0169860153548
2008-01-16,93.33,,,,,0.0337837837838,0.00823178636246
2008-01-17,92.85,,,,,0.0118788142982,0.000689759230918
2008-01-18,94.96,,,,,0.0586399108138,0.0119567765724
2008-01-22,92.96,,,,,-0.0166084840791,-0.00603053761601
2008-01-23,97.44,,,,,0.0419161676647,0.0332103321033
2008-01-24,98.18,,,,,0.0519661416479,0.0304582379983
2008-01-25,95.99,,,,,0.0338179859989,0.000875857610577
2008-01-28,96.41,,,,,0.0152695871946,0.00222462472452
2008-01-29,97.44,94.2735,99.9642580662,88.5827419338,0.556428504453,0.0481927710843,0.00358422939068
2008-01-30,97.02,94.161,99.514849181,88.807150819,0.534008318755,-0.00431034482759,0.00012370113805
2008-01-31,98.36,94.272,99.8844170607,88.6595829393,0.728384928595,0.00183336728458,0.0135608589918
2008-02-01,100.17,94.4635,100.609061599,88.3179384009,0.928556309781,0.0435462027295,0.023395995096
2008-02-04,99.12,94.776,101.209273375,88.3427266251,0.675239453832,0.0281091173115,0.00709191034525
2008-02-05,96.45,95.0045,101.328381137,88.6806188633,0.228577983796,-0.0101600985222,-0.0180607590813
2008-02-06,95.5,95.2985,101.092933899,89.5040661009,0.0347747516859,-0.0156668728097,-0.0247140522876
2008-02-07,94.34,95.5015,100.820634378,90.1823656225,-0.218362597663,-0.0408702724685,-0.0285843733267
2008-02-08,95.2,95.6735,100.697506684,90.6494933163,-0.0942474860824,-0.0496156533892,-0.00959197686274
2008-02-11,96.92,96.0345,100.218622747,91.8503772535,0.211633370636,-0.0221953188055,0.0129386927531
2008-02-12,98.21,96.2185,100.447469142,91.9895308585,0.470918546187,0.0182477967859,0.0226586417311
2008-02-13,99.95,96.54,100.881350748,92.1986492522,0.785469822196,0.0465968586387,0.0312203375841
2008-02-14,97.84,96.7655,100.866685836,92.6643141638,0.261997393659,0.0370998516006,0.00221257067934
2008-02-15,97.87,97.0165,100.702103714,93.330896286,0.23157671476,0.0280462184874,-0.00293404511094
2008-02-19,96.8,97.1085,100.667649958,93.5493500423,-0.0866779999918,-0.00123813454395,-0.0135936576518
2008-02-20,99.42,97.4315,100.550786524,94.3122134756,0.637485522561,0.0123205376235,0.0106123444743
2008-02-21,98.57,97.488,100.648596879,94.327403121,0.342340400064,-0.0138069034517,0.00479102956167
2008-02-22,99.63,97.5605,100.8517546,94.2692454,0.62878757541,0.0182951757972,0.0119035527839
2008-02-25,101.48,97.835,101.472312484,94.1976875161,1.00211351545,0.0368856646572,0.0231901593063
2008-02-26,105.44,98.2865,103.197734275,93.3752657249,1.45655849411,0.0892561983471,0.044912197249
2008-02-27,107.36,98.7825,105.128034277,92.4369657228,1.3517380295,0.0798632065983,0.0474555104589
2008-02-28,106.24,99.2435,106.344575604,92.1424243958,0.985273272663,0.0778127219235,0.02124387196
2008-02-29,104.96,99.5735,107.102249879,92.0447501212,0.715457424771,0.0534979423868,-0.00129405495928
2008-03-03,105.3,99.83,107.781974267,91.8780257334,0.687879489622,0.0376428852976,-0.00529000566786
2008-03-04,106.67,100.2075,108.714987414,91.7000125857,0.759624985058,0.0116654021244,0.0053154392777
2008-03-05,106.37,100.7035,109.442157671,91.9648423288,0.648440551535,-0.00922131147541,0.00436227669298
2008-03-06,103.73,101.115,109.593161419,92.6368385806,0.308439515439,-0.023625753012,-0.0159004231258
2008-03-07,105.04,101.65,109.66586322,93.6341367802,0.422911407925,0.000762195121951,-0.00362353209008
2008-03-10,105.1,102.145,109.69283064,94.5971693601,0.391503220062,-0.00189933523267,-0.00267597881991
2008-03-11,107.39,102.6685,110.142449917,95.1945500826,0.631727540612,0.00674978906909,0.0176638932585
2008-03-12,107.92,103.154,110.669884652,95.6381153478,0.634123622241,0.0145717777569,0.0196908424355
2008-03-13,106.85,103.499,111.029076955,95.9689230451,0.44501537236,0.0300780873421,0.00366334773624
2008-03-14,106.23,103.9185,111.045162391,96.7918376085,0.324345376984,0.0113290175171,-0.00438621155036
2008-03-17,106.52,104.351,110.963453641,97.7385463587,0.328017422529,0.01351094196,-0.0043184834832
2008-03-18,109.16,104.969,110.88351346,99.0544865396,0.708595901934,0.0164819815625,0.0169933666244
2008-03-19,107.8,105.388,110.814522003,99.9614779967,0.444483593454,-0.00111193476649,0.00454748769942
2008-03-20,109.08,105.9135,110.536022779,101.290977221,0.685015553499,0.020870379036,0.012268230665
2008-03-24,109.76,106.42,110.304625566,102.535374434,0.859799726664,0.03322978443,0.0119486649948
2008-03-25,108.75,106.7835,110.029928159,103.537071841,0.605742651271,0.0209350356741,-0.00146910292902
2008-03-26,107.78,106.9005,110.111530168,103.689469832,0.273899637846,-0.0126419934042,-0.00786125890605
2008-03-27,106.49,106.857,110.065390972,103.648609028,-0.11438755537,-0.0121521335807,-0.0173661093271
2008-03-28,105.62,106.826,110.071261485,103.580738515,-0.371618744936,-0.0317198386505,-0.0191307578009
2008-03-31,106.14,106.885,110.028738974,103.741261026,-0.236978962361,-0.0329810495627,-0.00762930550881
2008-04-01,107.39,106.9895,110.049224618,103.929775382,0.130894132651,-0.0125057471264,0.00661767462787
2008-04-02,105.84,106.948,110.048217989,103.847782011,-0.35739422323,-0.0179996288736,-0.00428990742831
2008-04-03,106.95,106.977,110.065280734,103.888719266,-0.00874272850224,0.00431965442765,0.00528255066361
2008-04-04,106.71,107.126,109.816618399,104.435381601,-0.154611296857,0.0103200151486,0.000975554846818
2008-04-07,107.22,107.235,109.740030728,104.729969272,-0.00598795050029,0.0101752402487,0.00372582426841
2008-04-08,107.19,107.3395,109.635147827,105.043852173,-0.0651232293632,-0.00186237079803,0.00382086868573
2008-04-09,107.65,107.3525,109.652292897,105.052707103,0.129359474241,0.0171012849584,0.00472261629209
2008-04-10,109.5,107.4315,109.914615827,104.948384173,0.833025981901,0.0238429172511,0.0171475281922
2008-04-11,106.94,107.436,109.915001497,104.956998503,-0.200080556887,0.00215537437916,-0.00705663881151
2008-04-14,108.12,107.5305,109.959521679,105.101478321,0.242690300033,0.00839395635143,0.00222469410456
2008-04-15,108.01,107.605,109.99460468,105.21539532,0.169484100614,0.0076499673477,-0.00031468660916
2008-04-16,111.06,107.7,110.470597503,104.929402497,1.21273479665,0.031676730144,0.0214668064676
2008-04-17,113.46,107.983,111.767395106,104.198604894,1.4472590327,0.0361643835616,0.0359940831644
2008-04-18,114.68,108.263,113.07758792,103.44841208,1.33282434681,0.0723770338508,0.0325392109196
2008-04-21,114.63,108.5065,114.073660384,102.939339616,1.09993238528,0.0602108768036,0.0201302862025
2008-04-22,114.01,108.7695,114.857692109,102.681307891,0.860764559667,0.0555504119989,0.00389194139194
2008-04-23,113.94,109.0775,115.565084499,102.589915501,0.749508542163,0.0259319286872,-0.00178721614802
2008-04-24,114.49,109.4775,116.272569033,102.682430967,0.737667266653,0.00907808919443,0.00122431132488
2008-04-25,113.46,109.8695,116.632064057,103.106935943,0.530937669422,-0.0106382978723,-0.00566140255552
2008-04-28,112.18,110.1715,116.770279074,103.572720926,0.304374487701,-0.0213731134956,-0.0126390649204
2008-04-29,113.25,110.4645,117.063652976,103.865347024,0.422099625535,-0.00666608192264,-0.00188606077699
2008-04-30,111.27,110.736,116.970800128,104.501199872,0.0856482949041,-0.0234333859926,-0.014699371292
2008-05-01,113.95,111.086,117.210867002,104.961132998,0.467601990242,-0.00471656913268,0.0099980500257
2008-05-02,113.56,111.4285,117.283172538,105.573827462,0.364068184206,0.000881367882954,0.00636287906985
2008-05-05,112.5,111.6925,117.214882686,106.170117314,0.146223115269,0.0028525583883,-0.00359591164331
2008-05-06,113.22,111.994,117.12598597,106.86201403,0.238893872096,-0.000264900662252,0.00283436669619
2008-05-07,114.91,112.357,117.214970553,107.499029447,0.525528092873,0.0327132200953,0.0112824303869
2008-05-08,115.63,112.6635,117.535993256,107.791006744,0.608825881198,0.0147433084686,0.014618651504
2008-05-09,114.83,113.058,117.20257972,108.91342028,0.427546366546,0.0111835153223,0.00535817471852
2008-05-12,115.93,113.4485,117.073212112,109.823787888,0.684606093763,0.0304888888889,0.00892919306551
2008-05-13,117.17,113.9065,116.897189236,110.915810764,1.09122003079,0.0348878290055,0.0127577921068
2008-05-14,118.04,114.2555,117.468378526,111.042621474,1.17791568206,0.0272387085545,0.0147867950481
2008-05-15,118.91,114.528,118.327687522,110.728312478,1.15325272799,0.028366340915,0.0165333059773
2008-05-16,118.31,114.7095,118.869466979,110.549533021,0.86551167798,0.0303056692502,0.00542185056768
2008-05-19,117.08,114.832,119.12429714,110.53970286,0.523728886131,0.00991977917709,-0.00697189191023
2008-05-20,115.87,114.925,119.222904018,110.627095982,0.219874617036,-0.0110949901852,-0.0150626476939
2008-05-21,114.43,114.9495,119.229310498,110.669689502,-0.121383879099,-0.0305828532701,-0.0212966130688
2008-05-22,115.43,114.9965,119.275709347,110.717290653,0.101303760787,-0.029265831301,-0.00683163546256
2008-05-23,114.96,115.0715,119.289462966,110.853537034,-0.0264345611638,-0.0283154424816,-0.0051404538138
2008-05-27,117.85,115.355,119.51648,111.19352,0.599546315269,0.00657669969252,0.0185121167076
2008-05-28,119.91,115.688,120.192017388,111.183982612,0.937385368722,0.0348666609131,0.0291290466545
2008-05-29,120.06,116.1275,120.530651383,111.724348617,0.893110333388,0.0492003845146,0.020553883817
2008-05-30,119.8,116.42,120.988228955,111.851771045,0.739892862848,0.037858442346,0.0108339802221
2008-06-02,117.89,116.6365,121.041527152,112.231472848,0.284561242581,0.0254871259569,-0.010176151534
2008-06-03,118.33,116.928,120.93399866,112.92200134,0.349975154518,0.00407297411964,-0.00728200137586
2008-06-04,118.06,117.17,120.799963027,113.540036973,0.245181560618,-0.0154282378451,-0.00646312316962
2008-06-05,118.92,117.3705,120.916881254,113.824118746,0.436924258545,-0.00949525237381,0.00269814502529
2008-06-06,115.65,117.3715,120.915825487,113.827174513,-0.485705956269,-0.0346410684474,-0.0180011887577
2008-06-09,116.5,117.455,120.821444321,114.088555679,-0.283682101604,-0.011790652303,-0.00844312804276
2008-06-10,116.57,117.487,120.8042157,114.1697843,-0.27643665138,-0.0148736584129,-0.00486597234079
2008-06-11,114.08,117.3325,120.982975816,113.682024184,-0.89097974177,-0.0337116720312,-0.0194595337963
2008-06-12,114.64,117.1625,120.986781838,113.338218162,-0.659600967355,-0.0359905819038,-0.00734275422555
2008-06-13,116.77,117.0555,120.79267301,113.31832699,-0.0763946435582,0.00968439256377,0.00914339048673
2008-06-16,117.29,117.0045,120.697163993,113.311836007,0.0773154558626,0.00678111587983,0.0122551134893
2008-06-17,115.8,116.9405,120.671821059,113.209178941,-0.305655820579,-0.00660547310629,0.000725915171627
2008-06-18,114.93,116.8935,120.70442764,113.08257236,-0.515228885386,0.00745091164095,-0.00824948656438
2008-06-19,115.72,116.958,120.634672409,113.281327591,-0.336717515847,0.00942079553385,-0.00329021033229
2008-06-20,113.61,116.867,120.785077402,112.948922598,-0.831275053046,-0.0270617453113,-0.0161080800208
2008-06-23,114.28,116.833,120.831726639,112.834273361,-0.638453245298,-0.0256628868616,-0.00511891910715
2008-06-24,114.28,116.6545,120.778828207,112.530171793,-0.575730126436,-0.0131260794473,-0.00247896372333
2008-06-25,115.32,116.425,120.289197336,112.560802664,-0.285958480864,0.00339336987732,0.00591406290888
2008-06-26,112.12,116.028,119.950800289,112.105199711,-0.996227111338,-0.0311095748358,-0.0158178402767
2008-06-27,111.12,115.594,119.677034991,111.510965009,-1.09575352893,-0.0219170847637,-0.0203131612357
2008-06-30,109.72,115.1855,119.888979004,110.482020996,-1.16201220328,-0.0399019950998,-0.0248151308305
2008-07-01,110.4,114.789,119.708387638,109.869612362,-0.892184215316,-0.0339516975849,-0.0119567552087
2008-07-02,110.24,114.398,119.46363489,109.33236511,-0.820825047604,-0.0440513354145,-0.00433526011561
2008-07-03,110.65,113.9845,118.841778749,109.127221251,-0.686495499342,-0.0131109525508,0.00202850777896
2008-07-07,112.46,113.825,118.661460211,108.988539789,-0.282231206413,0.0120590352772,0.0159538909065
2008-07-08,114.67,113.7335,118.423912506,109.043087494,0.199662609389,0.0451148377689,0.0267361484188
2008-07-09,111.45,113.4775,118.07401527,108.88098473,-0.441095021054,0.00951086956522,-0.00396804118183
2008-07-10,114.02,113.4745,118.069437603,108.879562397,0.118717607743,0.0342888243832,0.0121615623613
2008-07-11,113.04,113.3945,117.959614745,108.829385255,-0.0776541269674,0.0215996384998,-0.000777879923627
2008-07-14,112.5,113.181,117.472626609,108.889373391,-0.158681092768,0.000355682020274,-0.00562155282138
2008-07-15,114.04,113.0185,116.879551261,109.157448739,0.26456525202,-0.00549402633644,0.00911423767808
2008-07-16,116.57,113.057,117.04800093,109.06599907,0.880230313613,0.0459398833558,0.0222389813564
2008-07-17,117.11,113.166,117.478514958,108.853485042,0.914547552505,0.0271005086827,0.0214387886823
2008-07-18,120.23,113.3915,118.637042569,108.145957431,1.30367829642,0.0636058032555,0.0356619863899
2008-07-21,119.09,113.6655,119.498677251,107.832322749,0.929939168063,0.0585777777778,0.0143261106569
2008-07-22,120.33,113.968,120.51871101,107.41728899,0.971192285885,0.055156085584,0.0140225506885
2008-07-23,119.89,114.2485,121.315551123,107.181448877,0.798282041773,0.0284807411856,0.00469286851588
2008-07-24,120.33,114.499,122.06362376,106.93437624,0.770824853282,0.0274955170353,0.00296730958374
2008-07-25,118.97,114.8415,122.571085745,107.111914255,0.534116592557,-0.0104799134991,-0.00628121815539
2008-07-28,116.86,115.1285,122.700932759,107.556067241,0.22865835261,-0.0187253337812,-0.0202555417687
2008-07-29,118.17,115.551,122.788358925,108.313641075,0.361872338668,-0.0179506357517,-0.00567130019185
2008-07-30,119.28,115.995,122.987204682,109.002795318,0.469808901394,-0.00508799733089,0.00470005559205
2008-07-31,118.46,116.406,122.924147622,109.887852378,0.315120202724,-0.0155405966924,0.000946361577719
2008-08-01,117.22,116.7345,122.667148206,110.801851794,0.0818352922906,-0.0147095906531,-0.00659333209038
2008-08-04,118.07,117.015,122.618027377,111.411972623,0.188291066415,0.0103542700667,-0.00143775372125
2008-08-05,119.29,117.246,122.822840834,111.669159166,0.366515749859,0.00947787086401,0.0069725823879
2008-08-06,120.02,117.6745,122.662057044,112.686942956,0.470270310594,0.00620389000671,0.011870637035
2008-08-07,119.92,117.9695,122.740158015,113.198841985,0.408853452485,0.0123248353875,0.00854470833614
2008-08-08,119.7,118.3025,122.52232726,114.08267274,0.33117469362,0.021156799181,0.00251256281407
2008-08-11,117.64,118.5595,121.804963068,115.314036932,-0.28331858373,-0.0036419073431,-0.014030206011
2008-08-12,116.36,118.6755,121.357788693,115.993211307,-0.863255326023,-0.0245619917847,-0.0199447476585
2008-08-13,116.9,118.692,121.323330262,116.060669738,-0.681024357118,-0.0259956673888,-0.0101944049312
2008-08-14,117.96,118.7345,121.284443033,116.184556967,-0.303732275525,-0.0163442294863,0.00210683702596
2008-08-15,117.42,118.594,121.106372751,116.081627249,-0.46728734792,-0.0190476190476,0.00139864910964
2008-08-18,115.77,118.428,121.224987854,115.631012146,-0.950308023924,-0.0158959537572,-0.00951386868808
2008-08-19,113.89,118.106,121.416655206,114.795344794,-1.27346393307,-0.0212272258508,-0.0214626937485
2008-08-20,113.84,117.8035,121.509769368,114.097230632,-1.06940419219,-0.0261762189906,-0.0167219458264
2008-08-21,114.29,117.5015,121.323471247,113.679528753,-0.840273197445,-0.0311122414378,-0.00653674310252
2008-08-22,116.09,117.3575,121.163494579,113.551505421,-0.333027274114,-0.0113268608414,0.0114483864222
2008-08-25,114.17,117.223,121.284563609,113.161436391,-0.751680952004,-0.013820506176,-0.00249877682254
2008-08-26,113.83,117.006,121.310985604,112.701014396,-0.737749273047,-0.000526824128545,-0.00536506937891
2008-08-27,114.65,116.7745,121.062527273,112.486472727,-0.495449274153,0.00711524947294,0.000383924052841
2008-08-28,115.76,116.6395,120.873768594,112.405231406,-0.207710016611,0.0128620176743,0.00748476936466
2008-08-29,113.12,116.4345,120.938820616,111.930179384,-0.735849039769,-0.0255835989319,-0.0103756583206
2008-09-02,110.03,116.0325,121.293738097,110.771261903,-1.1408911532,-0.0362617149864,-0.0303847441795
2008-09-03,109.97,115.5665,121.247168141,109.885831859,-0.985183408228,-0.0339102169902,-0.0242755487729
2008-09-04,106.86,114.9085,121.406963867,108.410036133,-1.23852346718,-0.0679459223724,-0.0385791917084
2008-09-05,106.24,114.2245,121.351369764,107.097630236,-1.1203375766,-0.0822391154112,-0.0274980776976
2008-09-08,108.99,113.689,120.691961479,106.686038521,-0.671001834612,-0.0365099009901,0.00527587669944
2008-09-09,106.9,113.152,120.517062904,105.786937096,-0.848872586907,-0.0284467872398,-0.00827519667508
2008-09-10,109.69,112.8185,120.175980332,105.461019668,-0.425213504983,-0.00254614894971,0.0181369273038
2008-09-11,110.77,112.512,119.661358749,105.362641251,-0.243658216224,0.0365899307505,0.0207523175879
2008-09-12,110.55,112.1415,118.856944179,105.426055821,-0.236991025089,0.0405685240964,0.0106966538673
2008-09-15,107.04,111.6225,118.223730746,105.021269254,-0.694188731766,-0.0178915496835,-0.0178915496835
2008-09-16,107.84,111.226,117.730225024,104.721774976,-0.52058469498,0.0087932647334,-0.0122552162524
2008-09-17,103.58,110.7105,117.921574743,103.499425257,-0.98882625049,-0.0557024341326,-0.0405350327911
2008-09-18,106.97,110.367,117.604851091,103.129148909,-0.469338199572,-0.0343053173242,-0.00210828762267
2008-09-19,110.44,110.1745,117.173899899,103.175100101,0.0379318232745,-0.000995024875622,0.0304738089462
2008-09-22,107.99,109.7695,116.24550421,103.29349579,-0.274783638542,0.00887518684604,0.00583063224172
2008-09-23,107.2,109.421,115.645186778,103.196813222,-0.356833764646,-0.00593471810089,-0.000335708157709
2008-09-24,108.22,109.1405,115.024410175,103.256589825,-0.156443584729,0.0447962927206,0.000517732332383
2008-09-25,111.61,108.9885,114.412203435,103.564796565,0.483341324166,0.0433766476582,0.0230814358523
2008-09-26,110.97,108.749,113.259912616,104.238087384,0.492361566037,0.00479898587468,0.0162274034323
2008-09-29,106.36,108.411,112.539753603,104.282246397,-0.496760087213,-0.0150939901843,-0.0230729664193
2008-09-30,108.68,108.3435,112.40439062,104.28260938,0.0828635960551,0.0138059701493,-0.00447017441008
2008-10-01,102.34,107.962,112.748320859,103.175679141,-1.17459739228,-0.0543337645537,-0.0523372101637
2008-10-02,97.33,107.4855,114.230495728,100.740504272,-1.50563475646,-0.127945524595,-0.0742466900015
2008-10-03,96.12,106.9795,115.422543789,98.5364562111,-1.28620676045,-0.133819951338,-0.059178200184
2008-10-06,93.5,106.205,116.508412822,95.9015871776,-1.23308657228,-0.120910116585,-0.0611884250055
2008-10-07,88.88,105.304,118.181545369,92.4264546308,-1.27539834099,-0.182186234818,-0.0706234184495
2008-10-08,84.14,104.0265,119.812808892,88.2401911084,-1.25973082983,-0.177838577291,-0.0853751331609
2008-10-09,82.7,102.623,120.708669931,84.5373300693,-1.10159037936,-0.150313366896,-0.0714959356896
2008-10-10,81.54,101.1725,121.136999941,81.208000059,-0.983370485512,-0.151685393258,-0.0535332899991
2008-10-13,85.68,100.1045,121.010497603,79.1985023967,-0.689969465878,-0.0836363636364,0.012909632572
2008-10-14,86.98,99.0615,120.419087361,77.7039126387,-0.565677189826,-0.0213771377138,0.0329184875546
2008-10-15,82.04,97.9845,120.52247775,75.4465222502,-0.707450339022,-0.0249584026622,-0.0208621759679
2008-10-16,85.04,96.888,119.717282765,74.0587172347,-0.518982576973,0.0282950423216,0.00930497531333
2008-10-17,84.36,95.584,118.131598682,73.0364013182,-0.497791368313,0.0345842531273,-0.00542324923367
2008-10-20,85.96,94.4825,116.627091712,72.3379082877,-0.384856948853,0.00326797385621,0.0127715726472
2008-10-21,82.57,93.251,115.155865982,71.3461340181,-0.487608552768,-0.0507013106461,-0.0169535919232
2008-10-22,77.68,91.724,113.492690602,69.955309398,-0.645146750292,-0.053144807411,-0.0654700320012
2008-10-23,78.38,90.0625,110.470486956,69.6545130444,-0.572447445475,-0.0783160865475,-0.0416921384032
2008-10-24,76.26,88.327,107.085601788,69.5683982117,-0.643278221702,-0.0960170697013,-0.0487713608582
2008-10-27,74.02,86.71,104.472537751,68.9474622486,-0.714424941843,-0.138901814798,-0.0483659458487
2008-10-28,81.1,85.331,99.9087059779,70.7532940221,-0.290237709994,-0.0178030761778,0.0466136692133
2008-10-29,81.96,84.312,96.5440589995,72.0799410005,-0.19228161016,0.0550978372812,0.0461554171347
2008-10-30,84.27,83.659,94.2491223093,73.0688776907,0.0576952732135,0.0751467211023,0.0597067478182
2008-10-31,86.39,83.1725,92.1187014874,74.2262985126,0.359649847429,0.132835038028,0.0593760729877
2008-11-03,86.12,82.8035,90.4739663277,75.1330336723,0.432372669185,0.163469332613,0.0256288109756
2008-11-04,86.79,82.699,90.0720830515,75.3259169485,0.554856085498,0.0701602959309,0.0197870890419
2008-11-05,83.58,82.671,90.0252709396,75.3167290604,0.123601646916,0.0197657393851,-0.0216551562683
2008-11-06,79.57,82.5145,89.9982465287,75.0307534713,-0.393452662877,-0.0557731102409,-0.0582317434016
2008-11-07,80.61,82.468,89.9887071336,74.9472928664,-0.247051236937,-0.0669058918856,-0.0326877384981
2008-11-10,78.37,82.1025,89.6762743493,74.5287256507,-0.492819013062,-0.0899907106363,-0.0417441064267
2008-11-11,77.31,81.619,89.115980164,74.122019836,-0.574764759377,-0.109229173868,-0.0322701782496
2008-11-12,74.51,81.2425,89.3794588914,73.1055411086,-0.82739756829,-0.108518784398,-0.045648999667
2008-11-13,78.69,80.925,88.9325766753,72.9174233247,-0.279110658646,-0.0110594445143,0.0101671416468
2008-11-14,75.06,80.46,88.7043039347,72.2156960653,-0.654997686008,-0.0688500186081,-0.0225035161744
2008-11-17,72.4,79.782,88.3459454754,71.2180545246,-0.861985871024,-0.0761771085875,-0.0422520305844
2008-11-18,74.83,79.395,88.126365119,70.663634881,-0.522827752334,-0.0320786444186,-0.00356867027085
2008-11-19,70.99,79.0605,88.5483259392,69.5726740608,-0.850616363719,-0.0472419809422,-0.0457563782025
2008-11-20,67.04,78.4935,89.4016240126,67.5853759874,-1.04999723021,-0.148049307409,-0.0697158081705
2008-11-21,69.97,78.179,89.7035493576,66.6544506424,-0.712305509336,-0.0678124167333,-0.015145117248
2008-11-24,74.65,78.2105,89.6905430496,66.7304569504,-0.310146920583,0.0310773480663,0.0441143560479
2008-11-25,75.36,77.9235,89.3863723782,66.4606276218,-0.223635046734,0.00708272083389,0.0524845674702
2008-11-26,76.32,77.6415,88.962884098,66.320115902,-0.11672601058,0.0750809973236,0.0502559586063
2008-11-28,76.25,77.2405,88.1333609649,66.3476390351,-0.0909311156357,0.137380668258,0.0233525701248
2008-12-01,71.86,76.514,86.7562127543,66.2717872457,-0.454393997823,0.0270115763899,-0.0404337143468
2008-12-02,74.61,75.9385,85.1496471941,66.7273528059,-0.144227420538,-0.000535833891494,-0.00360576923077
2008-12-03,75.38,75.368,83.0328523864,67.7031476136,0.00156558788026,0.000265392781316,0.00662357780033
2008-12-04,72.36,74.807,81.5250670779,68.0889329221,-0.364241674224,-0.0518867924528,-0.023376342925
2008-12-05,75.31,74.594,80.9358157785,68.2521842215,0.112901418932,-0.0123278688525,0.0190246806668
2008-12-08,79.3,74.5285,80.631249251,68.425750749,0.781860732552,0.10353465071,0.0518357385399
2008-12-09,77.27,74.4735,80.4489771666,68.4980228334,0.467996098393,0.035652057365,0.0177282545704
2008-12-10,77.43,74.4795,80.4671978266,68.4918021734,0.492760337182,0.0271955425842,0.0143579532056
2008-12-11,75.3,74.519,80.5179574533,68.5200425467,0.130189288069,0.0406301824212,-0.0210862952081
2008-12-12,76.81,74.425,80.2036412535,68.6463587465,0.412726780461,0.0199176736157,-0.00533526715185
2008-12-15,77.34,74.539,80.4586262329,68.6193737671,0.473171766225,-0.0247162673392,0.00663803201874
2008-12-16,80.73,74.9555,81.3911424453,68.5198575547,0.897268617554,0.04477805099,0.0413818012951
2008-12-17,80.21,75.2245,82.0744695735,68.3745304265,0.727813451798,0.0359033966163,0.027306027306
2008-12-18,78.49,75.5995,82.292778561,68.906221439,0.431851143452,0.042363877822,-0.00287108084761
2008-12-19,78.04,76.1495,81.5676157144,70.7313842856,0.34892204221,0.0160135399037,-0.0116765026215
2008-12-22,76.61,76.4815,81.0528583148,71.9101416852,0.0281098070096,-0.00943884147918,-0.0279892407633
2008-12-23,75.32,76.515,81.0394249417,71.9905750583,-0.264121963655,-0.0670135017961,-0.0310546221731
2008-12-24,75.24,76.509,81.0401873662,71.9778126338,-0.280059043568,-0.0619623488343,-0.0195465207193
2008-12-26,76.0,76.493,81.0292544252,71.9567455748,-0.108679971136,-0.0317237864696,-0.0031741035125
2008-12-29,75.92,76.4765,81.0188725542,71.9341274458,-0.122513068526,-0.0271655561251,0.00134532696721
2008-12-30,78.07,76.787,80.8212329865,72.7527670135,0.318028235922,0.0190575642866,0.0257522007621
2008-12-31,78.64,76.9885,80.9670915254,73.0099084746,0.415096646499,0.0440785979819,0.0243051032902
2009-01-02,81.64,77.3015,81.7091119564,72.8938880436,0.98431986367,0.0850611376927,0.0459425525918
2009-01-05,81.13,77.74,81.8097032091,73.6702967909,0.83298457548,0.0675,0.0259231158321
2009-01-06,83.38,78.1435,82.7620040868,73.5249959132,1.13380867518,0.0982613277134,0.0348508166609
2009-01-07,82.03,78.28,83.1943184996,73.3656815004,0.763076304534,0.0507237094915,0.00818543827737
2009-01-08,81.46,78.4895,83.5767284875,73.4022715125,0.583913226483,0.0358596134283,-0.00571233278
2009-01-09,79.15,78.5755,83.645438129,73.505561871,0.113314992291,-0.030499755022,-0.0279995087805
2009-01-12,80.09,78.815,83.6819216468,73.9480783532,0.261972575796,-0.0128189325773,-0.0139371106351
2009-01-13,79.74,78.9615,83.7500665364,74.1729334636,0.16257474843,-0.0436555528904,-0.00936715780058
2009-01-14,77.74,78.9815,83.7448260162,74.2181739838,-0.26063720933,-0.0522979397781,-0.0238083278919
2009-01-15,78.6,78.875,83.5684556902,74.1815443098,-0.05859222248,-0.0351092560766,-0.00586866336133
2009-01-16,79.35,78.832,83.4895783181,74.1744216819,0.111216594681,0.00252684775742,0.00310983009708
2009-01-20,76.6,78.7375,83.4998120214,73.9751879786,-0.448836613473,-0.0435759770258,-0.0230339514833
2009-01-21,85.43,79.107,84.7133989756,73.5006010244,1.12781841384,0.0713569099574,0.0739967816554
2009-01-22,84.16,79.4845,85.3916463411,73.5773536589,0.791498928594,0.0825829688706,0.0412233384471
2009-01-23,83.62,79.8995,85.7406083123,74.0583916877,0.636951037559,0.0638676844784,0.0218496431714
2009-01-26,85.59,80.417,86.3531128518,74.4808871482,0.871445696727,0.0786389413989,0.0302118440058
2009-01-27,85.65,80.8995,86.8924097581,74.9065902419,0.79268672344,0.118146214099,0.0089527623984
2009-01-28,88.6,81.5335,87.9744749997,75.0925250003,1.09711650803,0.037106402903,0.035966512324
2009-01-29,86.44,81.952,88.5316227695,75.3723772305,0.682105974339,0.0270912547529,0.00535008141428
2009-01-30,85.64,82.302,88.8845338266,75.7194661734,0.50709955891,0.0241569002631,-0.00861270605668
2009-02-02,84.97,82.4685,89.1482707966,75.7887292034,0.374488897326,-0.00724383689683,-0.0149547878507
2009-02-03,87.35,82.7795,89.7688888747,75.7901111253,0.65391983218,0.019848219498,0.00866050808314
2009-02-04,86.74,82.9475,90.1557609772,75.7392390228,0.526132448864,-0.020993227991,0.00593774643967
2009-02-05,86.35,83.1635,90.5135083065,75.8134916935,0.433536925012,-0.00104118463674,0.0016239415381
2009-02-06,90.33,83.607,91.569152843,75.644847157,0.844369623718,0.0547641289117,0.0365125992564
2009-02-09,90.96,84.1975,92.5118297353,75.8831702647,0.813354800121,0.0704954689891,0.0295882099925
2009-02-10,87.63,84.5745,92.7877921151,76.3612078849,0.372018912413,0.00320549513452,-0.00873283409878
2009-02-11,89.4,85.0575,93.209652767,76.905347233,0.532681381729,0.0306663592345,0.0052398407808
2009-02-12,89.32,85.6365,93.2258534154,78.0471465846,0.48535096449,0.0343949044586,-0.00232329550532
2009-02-13,88.16,86.1145,93.0103858062,79.2186141938,0.296626141655,-0.02402302668,-0.0104833097627
2009-02-17,85.19,86.4065,92.5498550751,80.2631449249,-0.198018832564,-0.0634344766931,-0.0312713213555
2009-02-18,85.98,86.8755,90.9506905348,82.8003094652,-0.219744326641,-0.0188291680931,-0.0186051820568
2009-02-19,83.55,86.7815,91.0778106572,82.4851893428,-0.752156968581,-0.0654362416107,-0.0334335955576
2009-02-20,83.42,86.7445,91.147295643,82.341704357,-0.755088418722,-0.0660546350202,-0.0215810462116
2009-02-23,79.27,86.527,91.9021165471,81.1518834529,-1.3501102602,-0.10083938294,-0.0504539900817
2009-02-24,81.17,86.306,92.1833262808,80.4286737192,-0.873866747336,-0.047188637164,-0.0182394349162
2009-02-25,80.7,86.0585,92.4468257835,79.6701742165,-0.838795669104,-0.0614096301465,-0.0112959741246
2009-02-26,83.59,85.808,92.1695641903,79.4464358097,-0.34865638916,0.000478755236385,0.0240107803504
2009-02-27,86.46,85.809,92.1709887655,79.4470112345,0.102326493176,0.0364421002158,0.0513387971497
2009-03-02,83.66,85.71,92.144273361,79.275726639,-0.318606295533,0.0553803456541,0.00654506954136
2009-03-03,82.46,85.5845,92.1755512699,78.9934487301,-0.474051842728,0.015892571147,-0.0109626502267
2009-03-04,84.08,85.421,91.9898448075,78.8521551925,-0.204145483612,0.0418835192069,0.000356930398571
2009-03-05,82.19,85.1935,91.8840377803,78.5029622197,-0.448917575632,-0.0167484148822,-0.0188611674824
2009-03-06,80.62,84.907,91.8740415076,77.9399584924,-0.615325744124,-0.0675456858663,-0.0239945764025
2009-03-09,78.43,84.312,91.3610838524,77.2629161476,-0.834434675935,-0.0625149414296,-0.0383294913924
2009-03-10,81.97,83.8625,90.2413066034,77.4836933966,-0.2966855899,-0.00594227504244,0.00628544771538
2009-03-11,83.26,83.644,89.773955439,77.514044561,-0.062643195994,-0.00975261655566,0.0241838266047
2009-03-12,84.93,83.4205,88.9647885738,77.8762114262,0.272262163109,0.0333373889768,0.0377312382395
2009-03-13,84.89,83.199,88.06315417,78.33484583,0.34764523099,0.0529645249318,0.0265309083873
2009-03-16,85.7,83.076,87.5180450482,78.6339549518,0.59071890796,0.0926941221471,0.0184194890077
2009-03-17,87.29,83.181,87.9226226403,78.4393773597,0.866580981174,0.064901793339,0.0243621940057
2009-03-18,86.39,83.2015,87.9973107816,78.4056892184,0.66485108467,0.0375930819121,0.0064072693383
2009-03-19,87.06,83.377,88.4739468673,78.2800531327,0.722589443418,0.0250794772165,0.00920408967612
2009-03-20,86.91,83.5515,88.8879852419,78.2150147581,0.629346816823,0.0237955000589,0.00276912426445
2009-03-23,92.74,84.225,90.5876558506,77.8623441494,1.33827763121,0.0821470245041,0.0529303571834
2009-03-24,92.35,84.784,91.9324864795,77.6355135205,1.0584058628,0.0579676938939,0.0365922101246
2009-03-25,92.03,85.3505,92.9196353188,77.7813646812,0.88246539647,0.0652853339507,0.020084683766
2009-03-26,92.81,85.8115,94.0248454303,77.5981545697,0.852088842405,0.0660464047783,0.0157823307941
2009-03-27,88.46,85.9115,94.2063868842,77.6166131158,0.307237462739,0.0178345414797,-0.0351011147713
2009-03-30,88.8,86.1685,94.4881363154,77.8488636846,0.316299883821,-0.0424843648911,-0.0229948289141
2009-03-31,91.03,86.597,94.9948270372,78.1991729628,0.527874649042,-0.014293448836,0.00445788184406
2009-04-01,91.71,86.9785,95.585513725,78.371486275,0.549726089809,-0.0034771270238,0.0126763984894
2009-04-02,94.72,87.605,96.5614360863,78.6485639137,0.794400800879,0.0205796789139,0.0415200562984
2009-04-03,96.04,88.376,97.4546560563,79.2973439437,0.844177811389,0.0856884467556,0.038719446247
2009-04-06,95.42,89.2255,97.5323328881,80.9186671119,0.745711402096,0.0745495495495,0.017444340186
2009-04-07,92.78,89.766,97.4699413016,82.0620586984,0.391228318337,0.0192244315061,-0.0143837508233
2009-04-08,95.07,90.3565,97.7655478826,82.9474521174,0.636181608582,0.0366372260386,0.00278463388393
2009-04-09,95.55,90.8875,98.1803627691,83.5946372309,0.639323698751,0.00876266891892,0.006086004296
2009-04-13,93.9,91.338,98.169489319,84.506510681,0.375028032741,-0.0222823823407,-0.00681164325605
2009-04-14,93.27,91.7165,98.0536794324,85.3793205676,0.245140604993,-0.0225319639489,-0.00896784750409
2009-04-15,92.87,91.9955,97.9944313961,85.9965686039,0.145775962794,0.000970036645829,-0.0134067054774
2009-04-16,95.3,92.441,97.9939561591,86.8880438409,0.514860898964,0.00241927001157,0.0119136103973
2009-04-17,95.14,92.845,97.9032480845,87.7867519155,0.453714401047,-0.00429094714809,0.0110950518619
2009-04-20,94.36,93.2175,97.4682900195,88.9667099805,0.268773567918,0.004898828541,0.00182613496411
2009-04-21,96.12,93.3865,97.822098933,88.950901067,0.616264013331,0.030556449019,0.0143734565947
2009-04-22,96.35,93.5865,98.1831132842,88.9898867158,0.601203501177,0.0374717346829,0.00938672030507
2009-04-23,95.29,93.7495,98.3449186568,89.1540813432,0.3352251699,-0.000104931794334,-0.0016971881155
2009-04-24,94.03,93.8105,98.3857536887,89.2352463113,0.0479754817843,-0.0116670170275,-0.012601071091
2009-04-27,93.9,94.0825,97.9029980386,90.2620019614,-0.0477686411967,-0.00487494701145,-0.0130126763228
2009-04-28,95.77,94.431,97.3991034171,91.4628965829,0.451129833373,-0.00364128173117,0.00738418816005
2009-04-29,97.75,94.767,97.633753895,91.900246105,1.04054973298,0.0145303580695,0.0251919285145
2009-04-30,96.97,95.03,97.6722239437,92.3877760563,0.734229967395,0.0176303914367,0.0134400735755
2009-05-01,98.28,95.208,98.2165534205,92.1994465795,1.02108873289,0.045198340955,0.0180868916651
2009-05-04,99.77,95.3945,99.0195036661,91.7694963339,1.20703326205,0.0625133120341,0.021103696729
2009-05-05,99.45,95.596,99.6496528037,91.5423471963,0.950747433653,0.0384253941735,0.0102190077608
2009-05-06,98.81,95.8975,99.9662350938,91.8287649062,0.715824435085,0.0108439897698,0.00156097956536
2009-05-07,96.89,95.9885,100.06071794,91.9162820604,0.221378131863,-0.000824997421883,-0.0177412814274
2009-05-08,95.85,96.0035,100.071124549,91.9358754507,-0.0377370128785,-0.0247252747253,-0.0234733174399
2009-05-11,97.18,96.1675,100.141440772,92.1935592275,0.254784874252,-0.0259597073269,-0.0046704084559
2009-05-12,98.16,96.412,100.234149299,92.5898507011,0.457334306773,-0.0129713423831,0.00803056131775
2009-05-13,96.58,96.5975,100.036783126,93.158216874,-0.00508826966511,-0.0225685659346,-0.00363141171131
2009-05-14,95.43,96.604,100.03343543,93.17456457,-0.342330399265,-0.015068634534,-0.0125206953642
2009-05-15,95.74,96.634,100.019731049,93.2482689509,-0.264049325547,-0.00114762649974,-0.00908733362314
2009-05-18,98.77,96.8545,100.190715789,93.5182842112,0.574153508423,0.0163613912328,0.0189196995956
2009-05-19,99.65,97.031,100.570889383,93.4911106172,0.739853627281,0.0151792991035,0.0248472756443
2009-05-20,98.27,97.127,100.693169108,93.5608308922,0.320512001943,0.0174984468834,0.00715369163284
2009-05-21,97.11,97.218,100.678104045,93.7578959553,-0.0312129342371,0.0176045268783,-0.00815050864077
2009-05-22,96.23,97.328,100.488257151,94.1677428486,-0.347440080787,0.00511802799248,-0.0181213395098
2009-05-26,99.18,97.592,100.410141231,94.7738587686,0.563491986249,0.00415105801357,0.0111328602887
2009-05-27,97.21,97.664,100.35694126,94.9710587397,-0.168588898201,-0.0244856999498,-0.00399590163935
2009-05-28,98.87,97.72,100.466519328,94.9734806716,0.418711781172,0.00610562735321,0.0117683176422
2009-05-29,100.37,97.89,100.853390661,94.9266093389,0.836879198049,0.0335701781485,0.0203106575042
2009-06-01,102.35,98.0935,101.666034262,94.5209657381,1.19145113466,0.0635976306765,0.0276517129202
2009-06-02,100.89,98.1495,101.864938488,94.434061512,0.737598000578,0.0172413793103,0.00952590606176
2009-06-03,100.57,98.2055,102.035467569,94.3755324311,0.617368151937,0.034564345232,-0.000397574793761
2009-06-04,100.42,98.286,102.235285878,94.3367141218,0.540350854772,0.0156771518155,-0.00495441934206
2009-06-05,101.28,98.5055,102.612918065,94.3980819353,0.675485172515,0.00906645411976,0.00176059820775
2009-06-08,101.52,98.789,102.907374232,94.6706257679,0.663125749647,-0.00810942843185,0.00578584449552
2009-06-09,102.13,99.0365,103.33859386,94.7344061402,0.719068458471,0.0122906135395,0.00934930423782
2009-06-10,102.33,99.245,103.766818451,94.7231815488,0.682247647339,0.0175002485831,0.0078198865427
2009-06-11,103.32,99.582,104.269149734,94.8948502657,0.797499591844,0.0288787094204,0.0117905127502
2009-06-12,102.2,99.9205,104.313741101,95.5272588994,0.518865217678,0.00908372827804,-0.000977517106552
2009-06-15,101.64,100.2155,104.200136152,96.2308638481,0.357498136766,0.00118203309693,-0.00668464876276
2009-06-16,101.36,100.345,104.300071361,96.3899286386,0.256632537635,-0.00753941055517,-0.00792796319859
2009-06-17,101.05,100.415,104.367835092,96.4621649082,0.160644192143,-0.0125085507671,-0.00847773613047
2009-06-18,100.42,100.5225,104.344491077,96.7005089234,-0.02681848229,-0.0280681378242,-0.00901967750212
2009-06-19,100.0,100.667,104.149177782,97.184822218,-0.191546796793,-0.0215264187867,-0.00886078458581
2009-06-22,98.71,100.791,103.744384499,97.8376155008,-0.704615332198,-0.0288272333727,-0.0159309327272
2009-06-23,98.64,100.764,103.788415733,97.7395842669,-0.702284403824,-0.0268350434096,-0.0112665891504
2009-06-24,98.36,100.8215,103.594712274,98.0482877262,-0.88759884096,-0.0266204849085,-0.00872755124665
2009-06-25,100.17,100.8865,103.524779144,98.2482208559,-0.271578540734,-0.00248954391555,0.0100225861095
2009-06-26,99.81,100.8585,103.531517416,98.1854825842,-0.392253336546,-0.0019,0.00677843006718
2009-06-29,99.95,100.7385,103.344228709,98.1327712909,-0.302602491677,0.0125620504508,0.00567484353933
2009-06-30,98.62,100.625,103.395487322,97.8545126782,-0.723699395502,-0.000202757502028,-0.00766738443582
2009-07-01,99.01,100.547,103.410292915,97.6837070852,-0.536794538927,0.00660837738918,-0.00504461773455
2009-07-02,96.08,100.33,103.822512291,96.8374877086,-1.21688906021,-0.0408305880004,-0.0264859059315
2009-07-06,96.0,100.066,104.023438832,96.1085611685,-1.02743217851,-0.0381725278028,-0.0197279745129
2009-07-07,94.62,99.721,104.29910763,95.1428923698,-1.11421583153,-0.0533266633317,-0.0231866702455
2009-07-08,95.08,99.3685,104.241757961,94.4952420386,-0.880006770421,-0.0358953559116,-0.0112107156971
2009-07-09,96.41,99.0725,103.907372774,94.2376272264,-0.550686672572,-0.02625997374,0.00807210523014
2009-07-10,95.23,98.668,103.358126696,93.9778733044,-0.733029238465,-0.00884679433805,-0.0024929819416
2009-07-13,97.86,98.451,102.845330798,94.0566692025,-0.134491468038,0.019375,0.0210767946578
2009-07-14,97.51,98.2445,102.388896217,94.1001037834,-0.177227263422,0.0305432255337,0.0113256860752
2009-07-15,101.26,98.2395,102.36828203,94.1107179698,0.731571678507,0.0649978965082,0.0369262907817
2009-07-16,104.49,98.4115,103.257565251,93.5654347486,1.25431658152,0.0838087335339,0.052583862194
2009-07-17,109.01,98.841,105.586842852,92.0951571476,1.50744691545,0.144702299695,0.0684531393958
2009-07-20,109.97,99.3395,107.721142786,90.9578572142,1.26830745137,0.123748211731,0.0528684129902
2009-07-21,110.54,99.931,109.683237854,90.1787621462,1.08785287633,0.133627320275,0.032563005586
2009-07-22,109.15,100.4565,111.015152775,89.8978472251,0.823353147919,0.0779182302982,0.00476839237057
2009-07-23,110.55,101.066,112.487199863,89.6448001368,0.830385608655,0.0579959804766,0.00642729689377
2009-07-24,111.1,101.6125,113.868653556,89.3563464435,0.774100940909,0.0191725529768,0.0076000798099
2009-07-27,111.09,102.1765,115.103218597,89.2497814031,0.689540809074,0.0101845957989,0.00546675596908
2009-07-28,110.76,102.717,116.14596806,89.2880319399,0.598929118308,0.00199022978107,0.00208088301818
2009-07-29,110.74,103.323,117.063757813,89.5822421874,0.539781000523,0.0145671094824,-0.000974307159356
2009-07-30,111.31,103.938,117.964033839,89.9119661606,0.525594054914,0.00687471732248,0.00279279279279
2009-07-31,111.38,104.703,118.592764653,90.8132353474,0.480713688604,0.0025202520252,0.00291744705374
2009-08-03,113.26,105.566,119.32314995,91.8088500504,0.559272816547,0.0195337114052,0.0158758633061
2009-08-04,112.95,106.4825,119.596495537,93.3685044629,0.493175400411,0.0197724810401,0.0091308698449
2009-08-05,111.89,107.323,119.479743158,95.166256842,0.375676276173,0.0103846848474,-0.00238948626046
2009-08-06,111.37,108.071,119.19782846,96.94417154,0.296490595847,0.000539035127122,-0.00713203173754
2009-08-07,113.22,108.9705,118.523883473,99.4171165266,0.444816227867,0.0165200215479,0.0060601752297
2009-08-10,112.63,109.709,117.820849422,101.597150578,0.360090510545,-0.00556242274413,0.00193929473721
2009-08-11,111.76,110.4215,116.185231522,104.657768478,0.232228027102,-0.0105356352368,-0.00369069481342
2009-08-12,113.19,111.018,114.976019707,107.059980293,0.548759268739,0.0116185539369,0.00672394471423
2009-08-13,113.46,111.4665,114.131621899,108.801378101,0.747995804883,0.0187662745802,0.00538758728246
2009-08-14,112.5,111.641,114.075981033,109.206018967,0.352774821783,-0.00635930047695,-0.00184547680733
2009-08-17,110.88,111.6865,114.0219862,109.3510138,-0.345324241293,-0.0155376009944,-0.0131543815305
2009-08-18,111.61,111.74,114.013092028,109.466907972,-0.0571908213086,-0.00134216177523,-0.00639199487216
2009-08-19,112.5,111.9075,113.846103675,109.968896325,0.30563235152,-0.00609594487146,0.00276316962296
2009-08-20,112.86,112.023,113.895179703,110.150820297,0.447072467693,-0.00528820729773,0.00704916570001
2009-08-21,113.76,112.156,114.127399716,110.184600284,0.813635097233,0.0112,0.0128024785883
2009-08-24,113.21,112.262,114.219996828,110.304003172,0.484168302206,0.0210137085137,0.00374153278717
2009-08-25,112.75,112.3615,114.196507816,110.526492184,0.211715719489,0.0102141385181,-0.00235364904085
2009-08-26,113.36,112.4925,114.210453189,110.774546811,0.504961372523,0.00764444444444,0.00151959571686
2009-08-27,113.32,112.593,114.253907805,110.932092195,0.437712435207,0.00407584618111,0.00035310734463
2009-08-28,112.17,112.6325,114.207286535,111.057713465,-0.29369059847,-0.0139767932489,-0.00701120730866
2009-08-31,112.01,112.57,114.139136538,111.000863462,-0.356884175834,-0.0105997703383,-0.00631642447792
2009-09-01,110.72,112.4585,114.219173017,110.697826983,-0.987406510441,-0.0180044345898,-0.0142099077603
2009-09-02,110.15,112.3715,114.401768585,110.341231415,-1.0941902055,-0.0283168666196,-0.013646864982
2009-09-03,110.38,112.322,114.498115322,110.145884678,-0.892415939699,-0.0259442287328,-0.00635543632861
2009-09-04,111.45,112.2335,114.399789819,110.067210181,-0.361678291245,-0.00641882856379,0.00457896919111
2009-09-08,111.16,112.16,114.368976901,109.951023099,-0.452698260325,-0.00758860815999,0.00350269021052
2009-09-09,110.79,112.1115,114.398665794,109.824334206,-0.577789333667,0.000632225433526,3.6105645115e-05
2009-09-10,111.65,112.0345,114.271937209,109.797062791,-0.171848398021,0.0136177939174,0.00507714743532
2009-09-11,112.01,111.962,114.096553818,109.827446182,0.0224871350656,0.0147671679652,0.00536746490503
2009-09-14,112.8,111.977,114.131594601,109.822405399,0.381974409297,0.0121130551817,0.0100105657134
2009-09-15,113.24,112.095,114.255121829,109.934878171,0.530062695847,0.0187117668226,0.0101875144962
2009-09-16,115.59,112.294,114.943801581,109.644198419,1.24386671933,0.0433252098565,0.0223955845672
2009-09-17,115.64,112.451,115.494964866,109.407035134,1.0476467832,0.035736677116,0.0156689151209
2009-09-18,115.86,112.601,116.004285719,109.197714281,0.95760399485,0.0343719310776,0.0107654458849
2009-09-21,115.35,112.6805,116.267127062,109.093872938,0.744292605172,0.0226063829787,0.00185867148416
2009-09-22,115.39,112.7895,116.571086829,109.007913171,0.687674279978,0.0189862239491,-0.0015229392728
2009-09-23,114.64,112.884,116.754837799,109.013162201,0.453648561722,-0.00821870404014,-0.00637914297601
2009-09-24,114.75,112.9535,116.909304662,108.997695338,0.454142748027,-0.00769629885853,-0.0038889564055
2009-09-25,114.88,113.0315,117.078207694,108.984792306,0.456791085478,-0.0084584843777,-0.00106085111564
2009-09-28,113.22,113.084,117.110843612,109.057156388,0.0337733503239,-0.0184655396619,-0.0118349392543
2009-09-29,112.73,113.12,117.119194656,109.120805344,-0.0975196342186,-0.0230522575613,-0.0115218687524
2009-09-30,113.49,113.2585,117.096335327,109.420664673,0.060320461993,-0.0100314026518,-0.00284674996046
2009-10-01,111.87,113.3445,116.959669647,109.729330353,-0.407864676859,-0.0250980392157,-0.0120807502782
2009-10-02,112.93,113.472,116.816699499,110.127300501,-0.162047442589,-0.0169742339833,0.000726641145609
2009-10-05,113.62,113.5805,116.786950571,110.374049429,0.0123189174845,0.00353294470942,0.00612779824313
2009-10-06,115.14,113.7795,116.844325744,110.714674256,0.443907782551,0.0213785150359,0.0152543867384
2009-10-07,116.5,114.065,117.01908014,111.11091986,0.824283663468,0.0265221605428,0.0218222643231
2009-10-08,116.03,114.284,117.131753685,111.436246315,0.613114824136,0.0371860194869,0.0103270523493
2009-10-09,119.49,114.658,118.141945736,111.174054264,1.38693319744,0.058089081732,0.0287027790213
2009-10-12,120.54,115.045,119.295208664,110.794791336,1.29287769964,0.0609047702869,0.0255232261358
2009-10-13,120.52,115.409,120.218485802,110.599514198,1.06269156619,0.0467257252041,0.0160517973966
2009-10-14,121.78,115.7185,121.310111292,110.126888708,1.08403458026,0.045321888412,0.0176148138245
2009-10-15,121.43,116.008,122.154508123,109.861491877,0.88212687457,0.0465396880117,0.00561481383331
2009-10-16,115.42,115.986,122.137885975,109.834114025,-0.0920043060414,-0.0340614277345,-0.0376694625557
2009-10-19,116.76,116.0565,122.210014272,109.902985728,0.114324915636,-0.0313588850174,-0.0203218606837
2009-10-20,116.54,116.114,122.262781308,109.965218692,0.0692820216936,-0.0330235645536,-0.0155930599902
2009-10-21,114.68,116.116,122.262788293,109.969211707,-0.233617936979,-0.0583018558056,-0.0195441410324
2009-10-22,116.41,116.199,122.312866552,110.085133448,0.0345117117327,-0.0413406901095,0.00386333454062
2009-10-23,114.2,116.165,122.317194303,110.012805697,-0.319398234736,-0.0105700918385,-0.0131180974438
2009-10-26,113.96,116.202,122.288165849,110.115834151,-0.368376422162,-0.0239808153477,-0.0104030983518
2009-10-27,114.48,116.2895,122.213653859,110.365346141,-0.30544446397,-0.0176763343058,-0.00231816359612
2009-10-28,115.28,116.379,122.177834366,110.580165634,-0.189520846899,0.00523194977328,0.00360419967614
2009-10-29,116.58,116.6145,122.010910015,111.218089985,-0.00639313912442,0.00146035563955,0.0146214099217
2009-10-30,114.44,116.69,121.90868707,111.47131293,-0.431142923445,0.00210157618214,-0.00441938963706
2009-11-02,114.39,116.7285,121.862499262,111.594500738,-0.45549285863,0.00377325377325,-0.00559834483718
2009-11-03,114.96,116.7195,121.865840447,111.573159553,-0.34189343243,0.0041928721174,-0.00147659167897
2009-11-04,115.08,116.6485,121.846512879,111.450487121,-0.30174992567,-0.00173490631506,-8.68885220291e-05
2009-11-05,116.8,116.687,121.877124631,111.496875369,0.0217721168635,0.00188711614342,0.0144700957146
2009-11-06,117.7,116.5975,121.643848863,111.551151137,0.218474788414,0.0284865431667,0.0165304959149
2009-11-09,120.09,116.575,121.550855388,111.599144612,0.706411204893,0.0498295305534,0.0270598498195
2009-11-10,120.96,116.597,121.649595373,111.544404627,0.863516604475,0.0521920668058,0.0239913312903
2009-11-11,121.22,116.569,121.505531491,111.632468509,0.942159491707,0.0533541883907,0.0156341639157
2009-11-12,120.34,116.5145,121.244829798,111.784170202,0.808717396709,0.0303082191781,0.00231547034032
2009-11-13,121.07,116.797,121.911368202,111.682631798,0.835489317792,0.028632115548,0.00276636628677
2009-11-16,122.2,117.069,122.725035063,111.412964937,0.907172594058,0.0175701557165,0.00860034005183
2009-11-17,122.6,117.372,123.535251363,111.208748637,0.848253574574,0.0135582010582,0.0091697808801
2009-11-18,122.14,117.745,124.121540887,111.368459113,0.689245168791,0.00758950668207,0.00386290786554
2009-11-19,121.56,118.0025,124.565268591,111.439731409,0.542073052047,0.0101379424963,-0.00290368620503
2009-11-20,121.0,118.3425,124.779174117,111.905825883,0.412868501936,-0.000578177913604,-0.00738310090238
2009-11-23,122.19,118.754,125.061997931,112.446002069,0.544705315015,-8.18330605565e-05,0.00239544537236
2009-11-24,121.93,119.1265,125.248956593,113.004043407,0.457904430563,-0.00546492659054,0.0013632929273
2009-11-25,121.31,119.428,125.343284751,113.512715249,0.318158817243,-0.00679548059604,-0.00236846000757
2009-11-27,119.8,119.589,125.351203161,113.826796839,0.036617938334,-0.0144784468575,-0.0119261666364
2009-11-30,120.42,119.888,125.121586272,114.654413728,0.101651137935,-0.00479338842975,-0.0058614711467
2009-12-01,121.94,120.2655,124.882108347,115.648891653,0.362712163142,-0.00204599394386,0.00710274198877
2009-12-02,121.24,120.5795,124.474611511,116.684388489,0.169571525259,-0.00565898466333,0.00246399100395
2009-12-03,121.57,120.904,123.831081536,117.976918464,0.227530388856,0.00214326931003,0.00476056663967
2009-12-04,121.28,121.128,123.328101433,118.927898567,0.0690877237363,0.0123539232053,-8.24470277869e-05
2009-12-07,121.08,121.297,122.795913291,119.798086709,-0.144771549738,0.00548081714001,-0.00281662301725
2009-12-08,120.85,121.335,122.74071016,119.92928984,-0.345021337937,-0.00893882237166,-0.00292069568661
2009-12-09,122.37,121.4055,122.872132017,119.938867983,0.657629172639,0.00932035631805,0.00774108539899
2009-12-10,123.27,121.508,123.190674563,119.825325437,1.04714247126,0.0139837130871,0.0123183050012
2009-12-11,123.6,121.671,123.502305545,119.839694455,1.05334688961,0.0191292875989,0.0111752867451
2009-12-14,123.83,121.809,123.85320516,119.76479484,0.988648321302,0.0227122563594,0.00851902528016
2009-12-15,122.46,121.822,123.879935603,119.764064397,0.310019418961,0.0133223003724,-0.0052475102757
2009-12-16,122.67,121.8255,123.889236774,119.761763226,0.409209163933,0.00245158126992,-0.00402708539695
2009-12-17,121.42,121.7895,123.855255628,119.723744372,-0.178869172587,-0.0150077066602,-0.0112055767289
2009-12-18,121.91,121.807,123.870498307,119.743501693,0.0499152335858,-0.0136731391586,-0.00447500367473
2009-12-21,122.61,121.8875,123.944046671,119.830953329,0.351317093913,-0.00985221674877,0.0032402179783
2009-12-22,123.83,121.9695,124.200237192,119.738762808,0.83402921977,0.011187326474,0.0109561752988
2009-12-23,123.9,122.068,124.459569403,119.676430597,0.766024183748,0.0100269014429,0.00950021998794
2009-12-24,124.44,122.2245,124.809073466,119.639926534,0.857201402603,0.0248723439302,0.00893479706173
2009-12-28,126.1,122.5395,125.400743565,119.678256435,1.2443889936,0.0343696169305,0.0154941373534
2009-12-29,125.66,122.8015,125.801824719,119.801175281,0.952730210046,0.0248756218905,0.0070039908323
2009-12-30,126.35,123.022,126.382342088,119.661657912,0.990375358518,0.0203504804975,0.0084603719371
2009-12-31,124.76,123.198,126.533995709,119.862004291,0.468226021972,0.00694108151735,-0.0055953196984
